,Bacteroides,Faecalibacterium,Prevotella,Roseburia,Ruminococcus,Bifidobacterium,Akkermansia,Lactobacillus,Clostridium,Escherichia,Enterococcus,Streptococcus,Dorea,Eubacterium,Coprococcus,Dialister,Parabacteroides,Alistipes,Veillonella,Anaerostipes,Phascolarctobacterium,Sutterella,Butyricicoccus,Oscillibacter,Bilophila,Hyphomicrobium,Megasphaera,Pseudobutyrivibrio,Mitsuokella,Holdemanella,Blautia,Gemmiger,Sarcina,Odoribacter,Christensenella,Anaerovorax,Butyricimonas,Lachnospira,Coprobacillus,Pectinatus
Sample_001,-0.023816730490842986,0.7273582545014343,0.17288139447946715,1.9808305822249586,1.294986426559937,-0.35592371987733173,0.9139387372477525,0.282690438652788,-2.060244444059137,0.18176984650713024,0.079360824591725,-2.5988679949631717,1.1276713559395821,0.079360824591725,1.3865883612179046,-0.1761462409853145,-0.04579412282122064,0.7724772712744721,1.0150322887178294,-0.09125325681887553,0.2665618722914189,-1.5008524928031273,-0.34088726028955474,-0.5565733064565306,-0.31147608735745447,0.7170492180322823,1.762436404817799,-0.7613413336254418,1.2773909882152794,0.9677805707119131,0.1905799894905087,-2.1472083469814676,1.0340800286921357,1.1033228579907486,0.46500363583111737,-2.465448472683356,-2.1472083469814676,-1.2132450437131705,-0.2415236380470036,-0.7613413336254418
Sample_002,-0.28127988200017384,0.8562309132121309,-0.08866351624299451,1.7094285580939923,1.2047251752752768,-0.19211902671588632,0.8445351869054591,0.23673984447977503,-0.9387226031346172,-0.06334742181792752,0.15309413430021568,-3.345047962975139,1.0282517997488085,0.058124831060027304,1.3647176269028578,-0.07592535809012091,-0.11903250048200587,0.7059530307710307,1.1554669174011534,-0.168700512073662,-0.006655761629020596,-0.8899400758646303,-0.30222129707655565,-0.5069964234260622,-0.02252810045592213,0.5472929947520031,1.5860581760569312,-0.7647949023158525,1.2128978639764094,1.1579268947080972,-0.22096495628005108,-1.960088781478741,0.9406065476250265,1.0268522508132407,0.5540571502004532,-2.4987672205668137,-2.0172209981839426,-0.8077140360086856,-0.25570513874559975,-0.816523420718517
Sample_003,-0.24587546702342156,0.7423646807104927,0.3530772800711848,1.746905189765394,1.1252695915569793,0.02669747671347089,0.8151219677049313,0.2876974585825405,-1.6365499133464398,0.14875291773395372,-0.046057329690509796,-3.0595823255454677,0.9888966578296206,0.012563823565051813,1.371759717230109,-0.507755313457305,-0.0884500820545524,0.5927823673565595,1.1039926250948868,-0.41627196400075306,0.17933473460882565,-1.4512004991352576,-0.2882313164895107,-0.7429199371386339,-0.08060743282443372,0.8246455895801894,1.5693482396694987,-0.2978924257967357,1.1016003286042713,1.0308966348728759,0.23498318899536086,-1.5651128774963272,0.7440784267450353,1.1252695915569793,0.4722609120297472,-1.6182065556845604,-2.0989864207661633,-1.040709246480092,-0.608458392828644,-0.8054319008191273
Sample_004,-0.038223211214420516,0.7954137069085334,0.046209660531938646,1.6811787281448831,1.279658139484983,-0.11844386970185639,0.8357368147420656,0.5055061131565153,-1.3041188184644348,-0.04707222848972048,0.1626354615397716,-4.206123459017283,0.9345475680008222,0.09171426727284082,1.4584327395064576,0.17160364015627572,0.0702093463499125,0.7613481652239935,1.336389630762417,-0.20306501792521559,0.0761203378449169,-1.5409647898658845,-0.226717309935772,-0.8529308250406036,-0.15242520271257298,0.6701906653468122,1.6515413587877172,-0.6881986720411533,1.2088117713843558,1.0770897858016024,-0.07867538849368838,-1.9662702487318349,0.8001868464763682,1.118113039527734,0.5067840187187662,-1.437616129401107,-2.166838151934461,-1.112765524707557,-0.04263793174566377,-1.056335026246451
Sample_005,-0.08011506173848737,0.7519905865687031,0.08895014135919332,1.9002196036914079,1.394231409730394,0.12531562825064935,0.7857638700156713,0.398595034616839,-1.2326396020818446,-0.11583054325410114,0.23352323886204918,-4.808263114993113,1.1875221600440962,0.04349057675563195,1.5222234435644055,0.07402539946930187,-0.6266067476626862,0.7209813301401633,0.9519614371818612,-0.3164847653257521,0.23352323886204918,-0.5396056661711155,-0.5122097528271885,-0.80890359569376,0.003962286909382051,0.6767099597860273,1.6834142610763672,-0.6891191340086422,1.3321006783173148,0.8219986476027579,-0.18157688280942796,-1.448808045310412,0.9330339142463937,1.2704082181692722,0.1324326829229232,-1.3503943285796156,-2.5129847820075994,-0.8649845094537421,-0.47247371732556864,-0.7053774988998027
Sample_006,-0.10869370975708748,0.7999417195082197,0.19530306515399198,1.7179839408036592,1.147151140530358,-0.10869370975708748,0.7622334119904437,0.1623676762788655,-1.1952643332567918,0.018572302882225777,0.23287784585619598,-2.8902576052432876,1.0341204071729315,0.23429521045645219,1.468644033048852,-0.32634631865124675,-0.09481932262080672,0.6612292630936536,1.0970251161726656,0.13145498028965896,0.10923307402964877,-0.9876636627937447,-0.12276330710938943,-0.7194391307679604,0.0815681119542857,0.5300761204093729,1.6037696134604666,-0.7417419958831664,1.0492814500346008,0.9931932450985963,-0.20940030823127298,-2.8902576052432876,0.7555277991950411,1.1948840279063342,0.4625148733164228,-1.690301834367788,-2.4744799172531105,-0.5445182615873616,-0.5507095631896046,-0.7878978429299632
Sample_007,-0.08124973128370172,0.7757818403707106,-0.05048016792879828,1.7798607938360567,1.199634174717969,-0.17968265116888738,0.9280319213642954,0.3887279681688818,-1.4185596819631945,-0.15920566640005251,0.08000811803534535,-3.5448444263289343,0.9638290410120485,0.1665712542869704,1.297149728236172,-0.13913958847290164,0.19066752091713335,0.7731258743621092,1.1257947329292248,0.2188369344677965,-0.0688280649301829,-0.8256137854886649,-0.5714123238695175,-0.9078394074242757,-0.008933893800731063,0.7597391901384136,1.6947039412349358,-0.6565600980188622,1.1678860960149513,0.9812582560022376,-0.20058772406781333,-2.1114435380009935,0.9371020507757839,1.1785811742001466,0.4639482577434335,-1.4926473959224928,-1.9779779700066857,-1.0454374693511141,-0.281210916476736,-1.3495843679100465
Sample_008,-0.08690580653776436,0.7533141923993183,-0.23068340689743394,1.8119417063846774,1.1809994981471168,-0.17066987386646915,0.731892378863849,0.1678598597995089,-0.825650248129044,0.11090799040059007,0.13264680257604944,-2.4068984675999934,0.9214007925623084,0.12905632666834022,1.4161272802868412,-0.30557873788456646,0.006773725174143763,0.7723981980386818,1.1490892932201242,-0.056136164784248876,-0.20523867213672098,-1.10398520687066,-0.13257273318561502,-0.825650248129044,-0.17066987386646915,0.636978744610639,1.5304823517621644,-0.5217818539572319,1.0806535014514003,0.7874074408089231,0.026893921080350935,-2.319943531225568,0.9981790599431593,0.9502945669631084,0.41492488344603373,-1.2217452377670242,-2.319943531225568,-1.3240017904712262,-0.49457205062444576,-0.987595079428238
Sample_009,-0.1945435474741295,0.6993966105937823,0.016751101806034896,1.7198242877700838,1.2626443750612761,-0.0999088881523047,0.8716376073827279,0.29093510154211266,-1.246327444257994,-0.1235970055211073,0.1860823839572352,-2.365769046583158,0.8817129976099256,-0.04145460481448904,1.4330488632434948,-0.2168475944827266,0.04028017156199404,0.7940202291000347,1.0602638447261823,-0.04145460481448904,0.13980408632777586,-1.3115533309725498,-0.33650224114432703,-0.7126977886703312,0.11043109578722099,0.6179771371374119,1.6249487310279407,-0.9024277207280207,1.1570955485763799,1.025060984268778,-0.06378261192898815,-1.7570083520265607,0.9149869405286113,1.1388524850839885,0.4630161041184597,-1.5954209965273716,-2.5807208444860166,-1.19504500441455,-0.4484655573990999,-1.2152435028132267
Sample_010,0.08835221732600118,0.7327757411964049,-0.19551505861005758,1.831367000366643,1.229113499107747,-0.18546552087498824,0.860046304483439,0.23321778259594872,-1.4762414148898912,0.02559041408565932,0.17567537614451467,-3.5356965857674005,1.071517468053452,0.16868272706167975,1.5478933154953052,-0.16566444286934878,0.14381605669455233,0.8757393065580206,1.075775718210708,0.07302717484184562,0.3967152263766147,-1.2939677363938928,-0.15590902000763585,-0.8685849244532999,0.0495900488786285,0.6538992831118633,1.6808706971338703,-0.8685849244532999,1.2230197524084017,1.0144440460968993,-0.18047837246729248,-2.225157704789427,0.8791934471439902,1.172884933295642,0.4022860261854695,-1.794587428218625,-2.3921013452060835,-1.3092315254972995,-0.23675465665243145,-0.7215529017023421
Sample_011,0.21623830549676493,0.709949182953264,0.10584925080180785,1.743849178654576,1.3072544993891788,-0.20199308260885207,0.7846704382539533,0.4382408955532089,-1.5923495894565063,0.07704896096317615,0.2871090782841197,-3.5713649791177247,1.0464123286894114,0.04404467507154575,1.4624863789020939,0.08352108891877652,-0.054620430532160036,0.8346013688457248,1.2695513345300964,-0.1355837288624242,0.18175395854850818,-1.682470678557392,-0.1977107592773164,-0.8738321739256483,0.06397766775394853,0.7371608923045465,1.723408936024041,-1.1096196462594383,1.0439462923110456,0.9247762859390147,-0.2917319338978972,-1.8240682273626936,0.8690091984612538,1.0513262320834227,0.5474358683726259,-1.5419343796458822,-2.1262075675721386,-0.7403201639872545,-0.4112660832512294,-1.1985488727915312
Sample_012,0.05579205230210338,0.6043326922138847,-0.10747067723252623,1.7806819290625446,1.2721451898755576,-0.12651751489791518,0.8975461420539297,0.1848993925947724,-1.369533603192111,-0.14986317959401063,0.13286734762967356,-3.4879703317108053,0.9071679620242876,0.24236780385955026,1.4689201422243827,-0.22760597891214474,-0.01045322719759234,1.0011069219399342,1.024492064638319,-0.034716275939471686,0.2916620325769044,-1.2211479900880153,-0.09995237350720654,-0.5110156806770041,-0.10747067723252623,0.4264524760859403,1.65292788783497,-0.8996234799986116,1.1239938929759643,0.9961132703719828,-0.007034639063560277,-2.285450398266623,0.7928021645320364,1.1596919315439926,0.5233665509268368,-1.6094166580740144,-1.7550787554449379,-1.0331326084842996,-0.3305965837214613,-1.1652792140327177
Sample_013,-0.10952446487261813,0.7210540703622312,-0.22074183558211136,1.8211738182591812,1.2871883260078887,-0.1308003526178938,0.8171951246515428,0.4545621690529318,-1.6186314098806536,0.09017611729694153,0.1886107965482049,-2.716608483234725,0.7832945318567828,0.16489552123986195,1.443566145137186,-0.34589451039323915,0.16489552123986195,0.8738889356267534,1.1595940342130708,-0.19748677828113959,0.32700638047153285,-0.9256430962158886,-0.2566709724409879,-1.079767296474535,-0.22074183558211136,0.7164565021907423,1.565052560575492,-0.47371574851099574,1.3052530222562622,0.7347212935196548,0.13237409446330428,-2.583196162750415,0.44251431493027393,1.09229172697991,0.40547456954494265,-1.079767296474535,-2.716608483234725,-0.9497367726923303,-0.16358778350070402,-0.9021162936849665
Sample_014,-0.04542315394287133,0.7157871624056269,-0.2829137812110192,1.6804014264485985,1.302340584745878,-0.012418958142866643,0.758737279020238,0.15187460825841237,-1.2205832010077193,-0.11130045250858966,0.0226702030461734,-3.3429346957158383,1.0763637952245246,0.01953067310905876,1.3179115738827916,-0.11130045250858966,-0.05554062613736832,0.8559539549712367,1.1149529947863162,-0.05554062613736832,0.15187460825841237,-1.2764516167712951,-0.5113696192146593,-0.8008012013559789,-0.15901254817667976,0.5853898722262763,1.664748067590685,-0.5606894727850422,1.1378225559972837,0.9051320392767224,0.1267700375239471,-2.215653861540223,0.821301379160094,1.050906405885299,0.5208536464832259,-1.49381068179214,-1.3985255369636524,-0.7185739749890176,-0.30877514217009594,-1.299703265229767
Sample_015,0.0820184770446648,0.6292891698608716,0.10321945974107116,1.7590675612934072,1.0883739968833863,-0.04743152013852914,0.8507717498279348,0.2092732792758749,-1.0528381967793896,-0.18677710330439456,-0.03130320155317179,-3.471346311212958,1.0484228158791162,0.17732334870330035,1.4859683661140264,-0.12341218036725099,-0.11467912392377144,0.7822537231626465,1.2584328677701748,-0.11467912392377144,-0.0154308822513185,-1.362927078657112,-0.46513226121129936,-1.0753069246020166,0.17080901462059384,0.6971772881909923,1.5828708471824093,-0.7990983878269793,1.1242745356977402,0.9241679991425529,0.08913553070388591,-1.8147706890313016,0.9544725977954074,1.1589307680923842,0.5248502253689962,-1.4582124921762114,-2.6615498383325127,-0.8892361897764252,-0.3163005901433804,-0.7006715271396544
Sample_016,0.12331246308133714,0.6813334075237361,-0.2931737883468424,1.7630109641527723,1.141846562511021,-0.22864053136304374,0.7714817644148662,0.31292372983665384,-1.6146980329930711,-0.12485152274833755,0.19741646841453475,-2.7771543784350783,1.0634575639627313,0.14505125540784336,1.490147358187329,-0.05680274227954385,0.21761814435614069,0.7829101301801007,1.1136762585485416,0.30379166777185773,-0.09707390872622934,-0.8321101292901112,0.0432743833451914,-1.2093381888431267,0.019178299156440204,0.5891660166307129,1.6382756011254211,-0.9534523568999518,1.050498702239968,0.8699191142431584,0.13424092996794101,-2.4409706918161467,0.8219111895915558,1.0930574010987528,0.3999312782069828,-1.679215502668593,-2.084512215032367,-1.0915785466822943,-0.22864053136304374,-1.0552175864678093
Sample_017,-0.34134080860779026,0.8291817429083159,0.14527913152642924,1.7346566975164315,1.3169551906628834,-0.34732829988675107,0.9386973188942318,0.3680443896746777,-1.5205358953010029,0.049056791245796205,0.3214565971615806,-2.599337851404484,1.1126814241029046,0.05308880511336067,1.4060947024974202,-0.24468314291328497,-0.3871460476541948,0.7875890533250134,1.1576778477047034,0.047034671453269894,0.3984141385139264,-1.4731474567736615,-0.23390225978680856,-0.31483208138463503,-0.08475435994900593,0.5127042579556322,1.716141363608418,-0.6141790367207696,1.206467036909495,1.1168567062777286,-0.061923918886783724,-1.6226333386463567,0.6699303682193172,1.254802663358094,0.4934613177742362,-1.6119415615308705,-3.320544711468912,-1.6893019459877223,-0.4855761930212408,-0.6831633064795852
Sample_018,-0.13836502758902292,0.817099881559801,-0.16931289660997884,1.6749994530942467,1.2939371333336394,-0.006511034027362861,1.0729557901972844,0.43015748212326566,-1.5187362544190686,0.3135925979420593,0.4999382364316798,-3.181376226943952,1.156176768049253,0.4083473110540954,1.2262115348552065,-0.13077543011111725,0.26006659827310363,0.7298913348905516,1.25735118323774,-0.08279926395841652,0.04076447372425118,-1.0403603646828312,-0.2618687967071738,-0.8722522853943664,0.3111655292286275,0.636101908526495,1.7463290125859534,-0.8487254514041078,1.1350793809051356,0.8932444578519485,0.006755285404029365,-2.1246215144934917,0.9364250523436612,1.1783707726289707,0.30629364800641223,-1.7667245321070304,-3.626771826025678,-1.1286357691159017,-0.4253872388265343,-1.0080309138313863
Sample_019,-0.16609834779861554,0.8779319124781462,-0.24694430537446177,1.805219412620751,1.2049786922286625,-0.4063583811495626,0.7221893882260808,-0.02845860590994942,-1.360241488414128,0.12059420686333144,0.2743205077156765,-3.27321278945511,1.0060629042084712,-0.21994580913375295,1.42841420665237,-0.026768095741620535,0.030668269811641835,0.5357119754777209,0.9154940679250667,0.1321879087479063,-0.0859119039528915,-1.3102428058586817,-0.32803352215422876,-0.5324972026821522,0.02907219593374677,0.4419441059381848,1.6624528919785004,-0.9808278573801283,1.1324252902909469,0.9982151697923971,0.15215897217252605,-1.4196501766680392,0.8260282214655637,1.1950729014371033,0.2780633186587025,-1.2981242030737308,-1.9101113803808314,-1.1422864710271439,-0.4162830962612034,-0.6172100782072611
Sample_020,-0.1313305290654707,0.7116399319674751,-0.38176937143617096,1.787641754794461,1.3298714948019503,-0.2588819456906304,0.6367410374336084,0.11663583911467601,-1.3371326442437592,-0.02897553123264629,0.26810481204582004,-3.3017676265183056,0.9967336598011936,0.1397302693607969,1.5017191111991073,-0.24536932591854832,0.08338051997631535,0.7740803068202919,1.140864429201982,-0.09027194270975869,0.0539683710580281,-1.154851215258196,-0.38176937143617096,-0.6048897693937505,0.1930733940250069,0.7495699992328193,1.6543629061895286,-0.4786097790468462,1.0713935098114806,0.9889517016616751,-0.012890432028111576,-2.683521281135687,0.823675837275748,1.0550743742973543,0.4510874028034215,-1.3573304380627436,-1.7226818316997061,-1.1383252025430117,-0.24536932591854832,-0.972563099534657
Sample_021,-0.11504666578029976,0.8199234446409478,-0.1470471527373256,1.7152696963723648,1.2029773272328148,-0.03925786343430726,0.7411701240013984,0.3034328381221849,-1.1413978278882562,0.058035116508140305,0.10017834266775516,-2.6558416025326927,1.2134594109027512,-0.04291394031378193,1.370433766726602,-0.2186513957523708,0.2026722050735028,0.7478366205964471,1.0421338103640534,0.0174914237527366,-0.263298174519381,-1.0078905092129897,-0.15112018730451204,-0.8987086504696027,-0.2817303871918426,0.48962515942239015,1.6567741563270046,-1.3481479986973595,1.1308951098203934,0.8121656648268845,-0.2724718131487833,-1.6267852826162308,0.7708254770688274,1.1532920229600543,0.5337947489226429,-1.3347281360006082,-1.890842258439462,-1.163616636833436,-0.38450143157705075,-1.0983885518595846
Sample_022,0.15607859582894745,0.7763488002985515,0.11947087731139394,1.9100527819968547,1.248097360477305,0.09197930857777337,0.7277358240368135,0.18823398711207595,-1.5599252584346361,-0.2108961273673442,0.17549563624208764,-3.0812688476102306,1.047187029564483,-0.17841318025698527,1.455322042408468,-0.24446974359338913,0.1058195632635952,0.862185439278496,1.1393218031455303,0.008451245653732897,0.14622683763388533,-1.2498509683860233,-0.2944760029133997,-0.9522756545098563,-0.09943053789425882,0.639048595826317,1.5488467765903229,-0.788297588998744,1.2214296063921934,0.7903102273228226,-0.10365857659210409,-2.040711171590253,0.9706030280723947,1.0186337301395838,0.4798506362194024,-1.5969551195663056,-1.5599252584346361,-1.1979024580825604,-0.43166457957279825,-1.2366086595895114
Sample_023,-0.13789641311743672,0.7824049865770624,-0.025209891104853277,1.6976673993024107,1.2948359409105628,-0.155821365987447,0.8601874834825729,0.19565114420690133,-1.2389097800296014,-0.043515885584169745,0.19383139863289145,-2.400074062970452,0.9598229471378508,0.03420992911319409,1.3433079979528326,-0.15066708100924497,-0.07876990030513298,0.795463575565809,0.9782794207508161,-0.1078962272860986,-0.043515885584169745,-1.2938136801773314,-0.5420584996771103,-0.9436768149548005,-0.2365043015225119,0.5889047092281894,1.574608765666091,-0.9724926818472133,1.1753121348551732,0.9453240995741012,-0.1252867808130178,-2.0533997575275613,0.9041092652101796,1.0627226181313012,0.37036008030546164,-1.3955725995169024,-1.939506577102402,-0.767078593494567,-0.2794259652586737,-0.8259111517327256
Sample_024,-0.058534878302510585,0.6305801235704802,0.07748020063290806,1.7473739771167782,1.2423328562133698,-0.20439310567798863,0.7662343966461562,0.4193965322795008,-1.1102346635490017,-0.019393417660438672,0.302700790096436,-2.6907879127209844,1.0759734161269878,0.027472671787716507,1.2988560442154533,-0.15264179443853543,-0.07260454674995476,0.6946155053485787,1.1614307532182364,-0.4229100962660306,0.13007637299622088,-1.1874094621674818,-0.1245338029604719,-0.8589613320032878,-0.2811634413356696,0.6144186840502597,1.6539325572598238,-0.9767263876302055,1.0963040667859412,0.8605075321101268,-0.37796279657550347,-1.9843028322530465,0.6194972481523857,1.0836459292445215,0.39179238743234324,-1.0175416397227561,-1.8927744207424357,-0.9667776589447605,-0.3616151004871826,-1.1333527550959772
Sample_025,0.009057058631473325,0.6969509771565492,-0.09803395919190017,1.8486439240669972,1.2816648554444714,-0.7375089253288811,0.841704123423682,0.35181551213312634,-1.0739280275640777,0.08909492284826559,0.09628016636379133,-2.6826223548843915,1.0668785836873043,0.011657676786620996,1.4285974076676027,0.0914957450054068,-0.10676702440606523,0.7202372000595831,1.0839113470170703,0.0038354443088284285,0.20258906046770075,-1.1374292389076128,-0.15774888116161012,-0.7265812987052787,-0.15467691032854702,0.6527980764542853,1.5984547073729907,-0.8980673559712935,1.2997351433654125,0.9221801968676377,0.12914510867564477,-2.1569094322958033,0.8473505116273721,1.1367135064843832,0.29672338976306367,-1.5225165700529777,-2.277467006714753,-1.2500787682339913,-0.547911011320096,-1.179267880611996
Sample_026,0.1683340711559933,0.714111638633121,-0.037990115101942834,1.7525565487126702,1.3102147626653768,-0.36338725175677844,0.7744455832281956,0.02914492235923838,-0.8886781275000137,-0.06259428958305957,0.165505366345438,-3.13461267683266,0.9583018904651386,0.02914492235923838,1.421865631688203,-0.05197543191292464,-0.09147519090245293,0.8225738029151803,1.1617614185519876,0.15982383824564472,0.0673638318685903,-1.0956569259586333,-0.47516790045821367,-1.2234645040447285,0.02589308704304294,0.6842100183148379,1.7273281513109588,-0.7036761873770532,1.1255494588162946,0.8838012392072185,-0.33495186639627317,-2.1451278257466617,1.0547746621361993,1.028830389526751,0.49750088495248024,-1.0758580075754862,-2.1451278257466617,-1.2121673638771515,-0.5024147333871918,-1.0187098963439185
Sample_027,-0.07670947355471469,0.8534782289914813,-0.1400747080557032,1.7690608423973204,1.1785087598492052,-0.3355513290864147,0.6883144940031962,0.2043555115072695,-1.347000492713633,-0.168510586012518,0.2043555115072695,-2.2474386049543815,1.0896793185662172,0.24331954855502147,1.4370151086649225,0.02336760946891836,0.1842889729253656,0.6923876927646044,1.0392495434917195,-0.34697902813177883,0.17068402723794662,-1.1239046311628247,-0.3242527482121895,-0.718503112943889,-0.1400747080557032,0.48538065874320635,1.6151427350956444,-0.685717392833257,1.1531914410862307,0.9677922039937012,0.16381150844143155,-1.9793126825880085,0.8430436287017353,1.1192905641981774,0.328733320008892,-1.8168610663135274,-1.7215855647865768,-1.2018507054330483,-0.3585388305747337,-1.7215855647865768
Sample_028,-0.15512410904342566,0.7430579073564316,-0.10524204292658013,1.82871984094202,1.2834297941696677,-0.16540621381464948,0.7738286558544023,0.3515717324965548,-1.6018034612576288,-0.19957251973965473,0.2613376103352172,-3.0315531361298174,1.0236765446801526,0.1860652910122842,1.4267709902352386,-0.03706515425674706,0.16586365358244226,0.739928108502848,1.093559173899311,0.16956716375888936,0.13764129832027905,-1.5184469186894782,-0.4100774471147304,-0.9820732450947647,-0.05541307941093088,0.5743981952411854,1.6219752884876097,-0.5708340708702719,1.1267505634452806,0.9096264985413152,-0.13989650282128796,-1.964571884343794,0.9043215815618417,1.0607456006241915,0.4854826904855898,-1.5803039225633384,-1.9490746262006597,-0.7484935189678765,-0.42002682640874145,-1.2333395038783683
Sample_029,-0.14097818506491944,0.8511075383995803,-0.06795787207460702,1.7492421351277634,1.1394852507477111,-0.08214159776872165,0.7903089309710523,0.2795012946176465,-1.1116448134901455,-0.27018047209519214,0.08819365610177021,-2.027664461124205,1.0469100204937316,0.06380354739256866,1.3218036360180414,-0.3987871555745377,-0.1954625358916422,0.706280547365989,0.9923306232172435,-0.12594132967976535,0.12949525910822812,-1.4400785923062571,0.032454794359884076,-0.667023877988683,0.08215167163873716,0.38783782113990783,1.5215140647394976,-1.0346971611343498,1.1289033438545109,0.686608364810982,-0.3603242185181692,-1.8046112630584217,0.8197220341085898,0.9825268403211451,0.5559153522589146,-1.2394535379413396,-1.978895808892509,-1.2859637731657454,-0.3052690091838208,-0.8190210618404246
Sample_030,-0.08269742240785316,0.7023507630012338,0.16722948543455018,1.7366049895064726,1.2151890856678107,-0.2172779113716432,0.6784187379213025,0.14191301722156346,-1.2824078373758692,-0.13593826812089915,0.31198856620579063,-2.235926016303673,1.0585659851677627,0.18060052836260665,1.4172041387638958,-0.02048044642181246,0.01148376235437798,0.7474864084186801,1.1403041867694488,-0.10013130431105388,0.01148376235437798,-1.049522550213803,-0.1976983544234967,-0.8500650943207804,0.12801086232371794,0.5739583619058046,1.5016858565933733,-0.8083982963469323,1.133742135007656,0.8793982421179405,-0.13854564678802284,-2.6200669111248516,0.8251227850085856,1.2131641474271952,0.47016537338222975,-1.8667443650246094,-1.9753323710057433,-0.9684950728535915,-0.6974557834424564,-0.9988875290592807
Sample_031,-0.2323289073070658,0.8209401763741351,0.07089305398678025,1.743628372862437,1.3916966197401521,-0.20323825553679598,0.7363852668107413,0.18411805402002202,-1.3344761116487733,-0.0025817825887513024,0.3455335773483217,-3.000031860752122,1.0621881364464372,0.1816821287387249,1.3777823005519272,-0.35797339375145665,0.15197857928772063,0.8196523823872588,1.1919179284816614,-0.07555764044695845,-0.03234395090889919,-1.115834536379655,-0.383396140690758,-0.6086642527741395,0.12653332692939312,0.6440149048391932,1.66656591906162,-0.9745466798406177,1.0591502265711936,1.0240596973100629,0.2199623160096169,-1.962872647796365,0.901277671832486,1.1028070076013492,0.3075560784311455,-1.2910013168819896,-2.0963391137190097,-1.756620955988021,-0.22497652298190296,-1.477539655629129
Sample_032,-0.00230637274332679,0.8217809039745276,-0.10992954408388389,1.8927146824278887,1.2533206519804319,-0.47402105840049646,0.9075103139991376,0.3105482338700649,-1.2149082256256714,-0.12960085081598471,0.46255764036917135,-4.226151447719445,0.9667516205645175,0.13376440294987813,1.4522498134977941,-0.17706374765169208,0.14389049193035142,0.8837568661216837,1.0423579092513262,0.18097548647476458,0.235295265713098,-0.9878958079917117,-0.15305073483899534,-0.8360046663432437,-0.12960085081598471,0.7502293569692124,1.6041591168836447,-0.6751875481398786,1.1418529184382065,0.9364300228072935,0.11838037634024534,-2.1759613326838414,0.8777292846793956,1.2458176319569758,0.5484966588423443,-1.3180683647666678,-2.894474067196425,-1.011608094492261,-0.20880991279028738,-1.1859270229421384
Sample_033,-0.016044866536345737,0.8494805096909084,0.005231156787596447,1.78989513122431,1.131483662453701,-0.31451513593689917,0.853995066225913,0.5011852686621774,-1.840254561024973,-0.0053502722955194315,-0.0713038339504477,-3.160897721151322,0.9443767628912334,0.2049328802879029,1.4747526221591292,-0.32911264071584156,0.015701790578842356,0.8937343287404675,1.291949636964365,0.005231156787596447,0.21351617638990295,-1.147309818975022,-0.32911264071584156,-0.5412660464585493,0.056521254006065114,0.5389241543924568,1.5605514025364209,-1.147309818975022,1.2102112575946875,0.9566465506125743,0.026063925271436972,-2.063296908450119,0.8584893331047043,1.1550930443143526,0.6716789822401927,-1.658000479180969,-2.063296908450119,-0.9109636647669754,-0.3589628968917724,-1.2526478394411944
Sample_034,0.04633440202337624,0.5655690112386775,0.13510349172167668,1.8232773310906647,1.3538306214434592,-0.08393657002164012,0.6473962123560533,0.4528645663767219,-0.6147022940085485,-0.16104054246934751,0.43756434019339974,-4.422538420477833,0.9488140844733621,0.47856089372869715,1.3695649573207676,-0.04393392743090896,0.11097093738915831,0.8326839516120472,1.062328844140259,-0.10266241140790111,0.18594685852088677,-1.4756048861583588,-0.12560634529910164,-0.9982710865827524,-0.22090936838787734,0.5548532696474413,1.4598940942330398,-0.8805070823122456,1.1738004091945484,0.852515131231109,0.13510349172167668,-2.3657150489457655,0.745135420776359,1.0250881310381859,0.42426092033307494,-0.8723115579866834,-1.2555054270572157,-0.9354806111885159,0.06728476506032344,-2.3300205571302675
Sample_035,0.22163765830498594,0.7260831673314945,0.018510517945705907,1.7408774958706803,1.2918181605093886,-0.531877045017942,0.6820677080455386,0.14594776991640046,-1.6927651413504146,-0.03944392171898681,0.15784188818776457,-2.1997777627531363,1.171248218973946,0.05473716824807173,1.6429288745703579,0.04154270158083673,0.2559071568257125,0.7944996154473403,1.136310889586981,-0.021096021986957147,0.30956864868504663,-0.7325229631534933,-0.6843272742318511,-0.6922003040896465,0.16289637679324542,0.7719055664444809,1.6390960323693884,-0.9123515758702903,1.3661577352511491,0.7737319957289213,0.19758003731046836,-2.2738402696977715,0.6770553326436048,1.2726135296869279,0.39838852018022886,-2.6983865506528035,-2.2738402696977715,-1.0607454819418836,-0.43260611354044265,-1.4051720707353015
Sample_036,0.273515571035265,1.0190536321099066,0.32428504693993787,1.8829074350597543,1.4348892195019296,-0.03519909155075229,1.0546551425299273,0.5063224325920772,-1.2382015272523041,0.09536324956256159,0.3193225297862199,-9.489181233756826,1.1771932760430892,0.14197443206171112,1.73176337416401,-0.19091385171219066,0.18840145613880743,0.9057941177437261,1.3246881786951041,0.3143352631854004,0.21083091297104062,-0.970462147152034,0.16738959742911508,-0.45851245472881264,0.13202475771967936,0.9122307253347821,1.8053221272943816,-0.8249816058849575,1.3887323083075813,1.1435834727605236,-0.21043846820669998,-2.1307685197282487,1.0288895096721813,1.2857109542006082,0.5347976526913398,-1.3638547873045148,-1.8195028965511488,-0.81462059882712,-0.7118574203125672,-1.0454817725624803
Sample_037,-0.13079745431215528,0.8162094255580126,0.12858169471907832,1.755043753374769,1.2740324588422478,-0.09103353568322259,0.6242485585240147,0.24514081602127913,-1.3823705001025646,-0.15960396743649063,-0.032364000411989835,-2.54639679756402,1.0476526235034682,0.2980320028540233,1.3886561580262748,-0.6375278983979147,-0.03052757000476536,0.7711507723937832,1.067430345777424,0.04370688554637692,0.01956923120751597,-0.8631702285851883,-0.27920616325327874,-0.9151221354479517,-0.26518838216956464,0.710939366571194,1.5722319160628038,-0.6175295522540472,1.1980479197236855,0.8668323795631663,-0.010546333947186959,-2.459451296766705,0.9724894172800345,0.9670914202984595,0.45763370919502444,-1.787712210119829,-1.706063212580598,-1.1271793053221684,-0.12473112865524616,-1.058199182027744
Sample_038,0.12925718491374116,0.779566350948711,-0.020078991420668046,1.7682644291307281,1.2803757121866859,-0.17589785677012948,0.8661981327928703,0.2866972355836759,-1.6060434493534412,-0.09676637657296716,0.27427531972240304,-3.517840948240341,1.0940277730507804,-0.11136413306991066,1.419260617573177,-0.3010507652680392,-0.0931499921276604,0.7989838690361286,1.156980574579877,0.13788984576654428,-0.07172209882574077,-1.195236837532704,-0.38926697514127273,-0.5991271425717688,-0.08954663880740288,0.6679892448827687,1.6580298792839545,-0.8572740266524441,1.2230032549130985,0.9723854522093296,-0.12617814479991285,-1.6393689951481427,0.8758331851632342,1.13819126168478,0.6406380277210681,-2.190302069449878,-1.9555829190233807,-0.6736867644203031,-0.1956989488912173,-1.262663277056256
Sample_039,-0.21533889813683071,0.7794400003268431,-0.17843719558083393,1.8590086214123462,1.3567588463851923,-0.3016598784672295,0.7083950007153876,0.30443688646208766,-1.2413146606223933,0.008289992872637875,0.16899433429878075,-2.871052504202022,1.0484055823708687,0.11824257750517564,1.4207433913487346,-0.1808553926034815,0.014283640354446625,0.7358738015181983,1.1752726642565645,-0.06874616683363932,0.1757967179457145,-1.2914930928060722,-0.1736182741766914,-0.783705011946302,-0.09728620023611967,0.5490955004813576,1.614867989936898,-0.7532057359706217,1.14165139210737,0.9273445399576508,-0.10398966504948692,-1.7851598158125679,0.903890765550992,1.1702696252250502,0.32945542985938525,-1.821959591401332,-2.442448180530908,-1.1165887331006283,-0.2407189461979451,-0.8429393572165651
Sample_040,-0.48768449680567905,0.9947075088061177,-0.056940649230460494,1.854390165146493,1.2547118402944242,0.1761381466653349,1.1022464658333853,0.44380605512031535,-0.8835259388923156,0.0036797045042158416,0.14598686783833337,-3.742994367331983,1.0034029963043625,-0.020129298661847983,1.392859656827219,-0.10823012482345717,-0.29581297876802815,0.9454818471031143,1.2445596682699018,0.3316939743990779,0.13573097830173442,-0.7753293625648077,0.06083432447841819,-0.9125085984351431,-0.3445985362296895,0.6669408113280859,1.8995644905625233,-0.5677179026762698,1.1777523627628756,1.0622420603697718,0.12536881461786376,-2.646313342270222,0.7371426848743905,1.174109448523223,0.808014780553532,-2.646313342270222,-1.9536495609531208,-1.1066280336561531,-0.5269007450827479,-1.6660883748325697
Sample_041,0.036642141156673524,0.7359125861886344,-0.062217414240157254,1.7766248872991048,1.2548219456262388,-0.10218524423583641,0.8004971449916862,0.2220350704506182,-1.2666014435843778,-0.09688056177848381,0.26715327625982566,-3.1400136208780154,0.9778894562852503,0.17612774325365033,1.4034125735746583,-0.015623023448125828,0.06103212854265383,0.7297589072091815,1.124352858943086,0.06403947134100818,0.21560450615011728,-1.2330861335984382,-0.46594699172729914,-0.6564442131633834,-0.14752068331997403,0.6197615486130137,1.7059288241778718,-0.8095464865328363,1.15002109990695,0.8699193672408154,0.01952215078258579,-2.277810569502903,0.8878655402035589,1.1022704003520687,0.29970433215267356,-1.6920345415928093,-2.0929921592109775,-1.0758321708209708,-0.37576058464788353,-0.9904021184194587
Sample_042,-0.04321533156373292,0.724594287314869,-0.31884827781918634,1.707508190674329,1.2323404613083753,-0.2973438874311807,0.7709737139696942,0.4312915222934053,-1.2242024488073717,-0.05985356418770671,0.1884590810921769,-3.1905554369653863,0.9692440398098916,-0.033363669908007765,1.5133136519784953,-0.2354734926691462,0.10667402522912184,0.81809031678997,1.14574956810515,0.07492712483323949,0.09236843268317774,-1.3024374776834735,-0.4098119325272789,-0.6036078889800693,0.10667402522912184,0.581615854461345,1.5986407521848847,-0.9777245339811049,1.2922589849088078,0.8012127447602628,-0.14746922671756124,-2.2906640475366107,0.716908086219691,1.0420648472772878,0.2193878175604227,-1.4392632081270023,-1.522622075447833,-0.7596680549066193,-0.18478425729627634,-1.0933887161281524
Sample_043,-0.06657546259978186,0.8150574045638348,-0.07490826363373504,1.7577817857852516,1.3008184720370086,0.058091267453497686,0.7004943271693018,0.326340844139537,-1.1323997379850308,-0.03794560803004554,0.11849680521365435,-4.849969341971348,1.157882959017039,0.3008087533200312,1.4489079304497072,-0.0179861977768887,0.20751274568855083,0.8974740782158306,1.0646457964698337,0.1656409286164937,0.07623948448967433,-1.392297472037451,-0.32024374665498456,-0.7071230399409529,-0.24309130502428733,0.6771022100738744,1.5882318239177335,-0.9461043992655549,1.2136164902077335,0.9100525297351818,0.11157676272905892,-2.372691516822245,0.9692039804259527,1.0053603345987319,0.6671916546326955,-1.5257915536771423,-1.8621444045010103,-0.7555130534085892,-0.46993356075327863,-0.7638107048678915
Sample_044,0.1421773010725964,0.8018009362433585,-0.14013322535679684,1.6774427861148236,1.3684094886150011,-0.10016874160434686,0.7957266743746234,0.12742856519244494,-1.0563176568233263,-0.12855090043684836,0.21282449813549764,-3.5490128392967613,1.0039794333690706,0.17245920358822175,1.3059317112866515,-0.5791260935928131,0.11847376931912112,0.8160811328890833,1.1488073377227623,0.05023410691912922,-0.21887646517256698,-1.1856723253191177,-0.17169175786421675,-0.452028996847182,0.11697347610776188,0.4679101536369865,1.712457586072453,-0.8829638161158915,0.9712934267878301,0.7553182823834117,-0.13432529420923345,-2.0531574979307567,0.9045816273503768,0.9983981498710222,0.33105662975520156,-1.2251059461604044,-1.809283792547368,-0.8994226207832998,-0.26619340574916084,-1.147734900997352
Sample_045,-0.2825193809760469,0.7793361801256338,-0.03389648629444775,1.7420721955272325,1.3147662993563212,-0.006182890366686067,0.8417288898496986,0.12989969937187773,-1.590623751463447,-0.03389648629444775,0.36763595821227923,-3.198810350287526,1.0528933673265892,0.11991016877360305,1.394199611294146,-0.15842655968595398,-0.24712039725003265,0.7678481412405915,1.245557523807026,0.17650752649155743,0.038365109686615106,-1.1489027997936443,-0.20734561098873616,-0.683448359330268,-0.0892618645245209,0.6283006938268332,1.6761059780549252,-0.8383255333377742,1.1029604959699726,1.1274510037437628,-0.015335682105059867,-2.0472009458372273,0.9585328086268388,1.0369698212631913,0.32766441214365294,-1.465497435564889,-2.0298177231477688,-0.9315292491328266,-0.5975690871935777,-1.2229952911174653
Sample_046,-0.27322998781957697,0.855179955572198,-0.26789707672739915,1.7108308552764635,1.2301894745074033,-0.007189478773169,0.8342007259350885,0.38449994596909365,-1.2994995637270073,0.20936290024491244,0.19272442787649435,-2.507923884564774,1.0013865488370355,0.30076065603539837,1.309041035530048,-0.22113902609813607,0.10143791191389173,0.6797600501762573,1.113003052904535,-0.15248977073187397,0.15511512356437418,-1.6974181562007944,-0.2839818957257325,-0.22113902609813607,-0.23134240029126119,0.7102183119171381,1.6447232434454233,-0.9091460833837761,1.1328577043646573,0.8757280857807133,-0.3113785743104147,-3.200307440773794,0.7816062010641596,1.0664840106386273,0.5429879589276156,-1.5722949743238157,-1.2415251600684414,-0.7085034647876016,-0.6522706561268343,-1.0734215599489811
Sample_047,-0.06152756371835366,0.8784808685312573,-0.26036343474451407,1.799652854850812,1.1191797409231339,-0.33292787177481564,0.6756794034272873,0.21997127810235684,-0.9804516243012786,-0.29426212045562483,0.2281844560933206,-2.6311343406661134,1.1570435692600332,-0.1322734252367992,1.3740253372516955,-0.16506081070433787,-0.03457356560662639,0.9574537496182938,1.1473034296577214,-0.16809548474016545,0.14950832050567886,-1.143746383784455,-0.16203531805950977,-0.2873898300640221,-0.18340855015264435,0.6024784749717607,1.7392412745650048,-0.8703258552450759,1.2814438275098978,0.9846921269826447,-0.16506081070433787,-2.300028199520664,0.9375332669145879,1.1778272764138729,0.5127816992843224,-1.1357158205392235,-2.408168760991277,-1.1600036086560541,-0.6558378906194546,-1.4100896845783257
Sample_048,-0.42549075801859537,0.6877088875819517,-0.07721111509007716,1.698434783434441,1.1553460218055958,-0.13005007345784225,0.6502328886218396,0.30967975407889936,-1.4706889068926259,0.10080141326622671,0.17061079708268778,-2.686463198670374,0.9202119267807949,0.12361486538396305,1.2984086145634275,-0.15159691874334236,0.32208631742438154,0.9106752992182883,1.119336278322418,-0.14370788107683818,0.0470790130283083,-0.8387519717412513,-0.34786166069474245,-0.5267987237550846,-0.0938925228695986,0.6066702280912022,1.4506308988628906,-0.8426962004683061,0.9717412784647896,0.8920223638109466,-0.18994398993270778,-2.201294765839771,0.8091884854086602,1.1707674682458618,0.562093454254915,-1.4559865780299432,-1.79089745604427,-1.0979304359686255,-0.43333321128058433,-1.0727446691579265
Sample_049,0.12605865327645382,0.7044061251929645,-0.03715947749311965,1.7905331959877695,1.2562568332015691,0.13803418852144667,0.7538380929674888,0.20145266999709444,-2.42033165223721,0.03795645958603444,0.2715587771777157,-1.7275360169761704,0.9646821434842012,0.1320643474723795,1.387351171333174,-0.49724510666169675,-0.009187414526788729,0.8861593257828813,1.2484444330060382,-0.08064170703924756,-0.21522210246142226,-0.996830839846397,-0.4532864022719334,-0.8914872566495902,-0.15759732929787873,0.7634378857638566,1.5849115464566932,-0.6164206186630379,0.8633669101423278,1.042316332208367,0.070319828135462,-2.095104539488924,0.8662445342407095,1.0253053644445362,0.5434811526113914,-1.9410264048024555,-1.989794804877051,-1.2015867706926944,-0.5315305961147079,-0.7961909308902646
Sample_050,0.06237703688714902,0.6887566239456886,-0.1111799810847236,1.768571780200011,1.356607507004715,-0.002890173027541465,0.8696031917464944,0.23363900138701155,-1.827095493047362,0.20308595338262014,0.30509436369892207,-2.432889646676779,1.061878331959691,0.01455098566087365,1.5664062260877505,-0.19996863385077646,-0.011726167610648375,0.8817832755727362,1.2135671982697316,-0.06332740508078682,0.11325508371661375,-1.323731402492963,-0.10142452193175266,-0.8788528800412259,0.005868430086777288,0.8646893131447717,1.696189617246696,-1.0984424712520306,1.2057173342430465,0.8938167884136323,-0.10466577880773631,-2.2506933479752,0.9325302757592429,1.14804486840382,0.47330072485907726,-2.400124066131095,-2.501828840926704,-0.7784493103153611,-0.49719226737258193,-0.9748515240517843
Sample_051,0.1987236659063356,0.772244854551051,-0.05205631846777159,1.7504907185848753,1.3629737591528168,-0.0567398482240975,0.7864867891520975,0.2857306288776136,-1.6335797539573154,0.015685211618417405,0.3749576177169267,-3.805753324557184,1.0084116271108878,0.058424098598525376,1.42459842727592,-0.07569645316584506,0.020042240433824077,0.8182976953802896,1.3411717683264137,0.08321726465366108,0.028699757221862576,-1.39248861935791,-0.2822162796518892,-0.6558019699451707,0.015685211618417405,0.6595752520749554,1.593126721254671,-0.6994714759287168,1.1790651735469133,0.9044909909221248,-0.1348227310997272,-2.2394397967098474,0.9008939589824214,1.0966338701139922,0.4020257536710363,-1.8067888634000635,-2.050302387050726,-0.9990843028451035,-0.3120666464142303,-0.8853442859704472
Sample_052,-0.17195314585485022,0.7844566491554148,0.09918150480874477,1.7826353740431045,1.2883174169084106,-0.06332715861104976,0.7410078341454258,0.29699680646406046,-1.2263274113801694,-0.04511295410257521,0.2762716756033825,-3.469906671041188,1.0340132885070057,0.03464686197968625,1.426710977753046,-0.36083781089698697,0.29955750524486024,0.7969760097444349,1.134328252574238,0.08976283344169644,0.15390330643008898,-1.541763053252379,-0.41160533654895826,-0.5215949580895503,0.14796889874860142,0.7058588674099799,1.7079476882502438,-0.7345898080037809,1.1627759810100935,1.0066490306123996,-0.09317804781837946,-2.4103853471679564,0.8790481069087082,1.0413481177824577,0.30973522801828457,-1.60843372561665,-2.142289733833687,-0.9868940755195581,-0.4433509073155051,-0.9685480704911802
Sample_053,-0.021600696273164743,0.8196398372468954,-0.16598514132034747,1.7853933331495675,1.3412650276501212,-0.22599852303807388,0.8375931440104614,0.38663990878636634,-1.9099891190677925,0.31725100905905634,0.10454291370437652,-2.6027084077680858,0.9952922240294799,0.043458817663265314,1.449201168533746,-0.32336456180463635,0.2991244686290253,0.7976615510420011,1.1576556555667352,0.24268588627033205,-0.0822212705658103,-1.6224140481950844,-0.43124354732275716,-1.1117168414389402,0.1265205794304265,0.5511057068819234,1.5725439893742275,-0.8886118184436365,1.0600192284963326,0.9612866663421169,0.027586439408215035,-1.855944423494294,0.8232563769115431,1.1073149288909803,0.4671089330849303,-1.8046714026676849,-1.6224140481950844,-1.2742017765939133,-0.6575318997506789,-0.6735302682221356
Sample_054,-0.037010088663476104,0.6848525887609442,0.09547090924427959,1.7121352740527809,1.319634825169346,-0.1801007843071245,0.7664487214515878,0.2189083906464271,-1.4569990376810766,0.03530597088355947,0.12424823470976154,-3.7233203157707297,0.9248503998450808,0.19936480250109945,1.4817219361626743,-0.0971099265804023,0.4586761147353169,0.7664487214515878,1.1050424004232848,-0.2497752125154502,0.2692309681082432,-1.492080611431719,-0.23951954501787398,-0.8170906937878222,0.0506899529199174,0.7812633728772074,1.697536643342381,-1.0401982691090135,1.1023793391444614,0.7849329951650863,-0.1995173778204089,-2.339001696966233,0.8725522539744994,1.067098283053514,0.5599635781199486,-1.6053753811881482,-1.5284377877173476,-0.5617764321522998,-0.32467017391852604,-1.1867733421153455
Sample_055,0.01961694201658659,0.8976504042036129,-0.13556558968766996,1.690805157662251,1.3245206976492994,0.09773008513965564,0.7762928556972235,0.2625498135163431,-1.143398145374439,-0.051606012529624934,0.25763603708735916,-3.262215120830498,0.9774913240656176,0.2326983167236225,1.3869373147759938,-0.3281433935855844,-0.11390563690487099,0.9822759091898998,1.1590092709134079,0.01961694201658659,0.12622043811448247,-1.6540921771156123,-0.737998839772926,-0.737998839772926,-0.044917466049886556,0.7525535638727923,1.653697807896347,-0.44040031667485113,1.0950052459513895,0.7966122758743337,-0.01860186705870781,-2.752046765281289,0.8332867329054929,0.9383674741435319,0.356071550998621,-1.1842119148858057,-1.5289677359007934,-1.3177139330308218,-0.09972199500233359,-1.0851404109558214
Sample_056,0.03432883610469961,0.6859900856250354,-0.03938407186757953,1.746841253409824,1.297866746307485,-0.05037246765106396,0.842401167464256,0.3751249912814303,-0.7601644830491061,-0.028515109730494537,0.15379561797874874,-4.146324629051299,0.9894121922033223,0.059391294455356736,1.4180361751291914,-0.007125294864544607,-0.05037246765106396,0.784179137645237,1.1158355357510068,-0.16745688428272043,0.2605010923837279,-1.014655204261718,-0.35849640348013256,-0.9447083851189921,-0.1990028491031408,0.7350306487495559,1.6314605256069776,-0.7828896295527459,1.1546581889784528,0.77937157500005,-0.4866592379664558,-2.3578965427481418,1.0201831394163565,1.062820714535654,0.46153091014225334,-1.66508311169118,-1.55975597711085,-0.7828896295527459,-0.41255860391355625,-0.794448845521103
Sample_057,-0.0124628285227395,0.6186633377306401,-0.15934402993780772,1.7297714744051773,1.242594504765281,-0.3856387174979643,0.8158866310983601,0.38014948416313654,-1.1442798022413605,0.035543452318914426,0.2669734620678774,-3.6102819836062876,0.851059299006871,0.06631330048614537,1.3600293600393631,-0.19805567624141585,0.10105427062435357,0.9600969409911642,1.076958666944976,-0.19805567624141585,0.12515048987290367,-1.1787591571821743,-0.5490756242558428,-0.6067775733744236,0.1203774724866582,0.5305973892861875,1.5881434304023099,-1.0474479212935126,1.093367078410377,0.9455288729896951,0.04590562341169235,-1.5081598354796348,0.8014637018910546,1.1832357519106291,0.5305973892861875,-1.4150942773102342,-1.8204319593579976,-1.2328151994783134,-0.3240862596971903,-1.0786948628716049
Sample_058,-0.09163822251372888,0.6462489712149613,0.141343863654666,1.7216949155595396,1.2470848810469803,-0.22657547769759034,0.6856960170399136,0.25080813345168407,-1.075662333564745,-0.004013780158218516,0.287048562920599,-3.526114301244065,1.0321852989692446,-0.07203103677593337,1.3839342977948403,-0.03861717355682792,0.07235473860284003,0.8490632381129948,1.0321852989692446,-0.07446101365990465,0.19849936359092446,-0.8199825798590918,-0.31229323643041695,-0.7896813248735883,-0.24949736047348292,0.6556715944492026,1.4690562213458733,-0.9630623212919032,1.034595854990065,0.8529204240105002,-0.21530860188384615,-1.9338183332257373,0.6307452793192798,1.0378009172380782,0.5013307405261598,-1.2330995586731994,-2.1607692890106502,-0.9055840720272252,-0.33413315529984366,-0.7039254405876294
Sample_059,0.1593597638070703,0.590665200691066,-0.12379769934823948,1.7540114016529262,1.274952820803891,-0.12020729380112805,0.7866772229127297,0.4076463723335131,-1.3945221557354062,-0.14929809981507436,0.11786237165967339,-3.802676438225916,1.091212942920055,0.29828941527194086,1.4615545927600913,-0.0343973773802686,0.17548826261999873,0.8152089998269236,1.2220700139572456,-0.027840414713364403,0.029314301471898396,-1.1165653602891137,-0.23798120471725515,-0.49389062680741436,-0.15670498233455632,0.7513285056389307,1.5887079760819804,-0.8609898171883641,1.2164363039836017,0.9663372469570355,-0.16791919926326226,-2.572589939441417,0.9831238019247452,1.1081441993915924,0.5456547528172706,-1.2404087708943106,-2.492612460590794,-1.2514561207052113,-0.30466691562592185,-0.7955215926071597
Sample_060,0.010438468694344394,0.698024325416438,0.05184596755880566,1.7359722608185146,1.1997388725611553,-0.4536627956142585,0.855070860561773,0.030456085739055005,-1.2644676411850204,0.07795555221818162,0.22914810615390513,-3.6470690084751816,0.9649208214254856,0.19152333812916744,1.433233136456491,-0.15727277337442036,0.037637002853571744,0.8040283929286773,1.0293251229522307,-0.09818813589972208,0.15878638980704807,-1.713509244125781,-0.27233300870386046,-0.5747278169889514,0.08138588545446801,0.6311439089590793,1.7151349647605851,-0.8590777535780445,1.1603622309836332,0.8884711336112501,0.021406812133466957,-1.723868348299706,0.9852362683126614,1.2977398723752156,0.5182934693819625,-1.3683425299737104,-1.7664124307991438,-1.5520744987933117,-0.5015712284852745,-0.8547020359507789
Sample_061,0.1732560211343479,0.5319678060931308,0.1663835043687949,1.6833622832939712,1.3055059002589018,-0.13750260682399595,0.7503079821251486,0.07245689715000747,-1.3444274498936517,-0.3105082232133647,0.18686096284217335,-3.017365349227406,0.8663769184839678,-0.0654043024187363,1.398202300947863,-0.2356130686008573,0.009940291165436044,0.8491057898768704,1.2346203333889534,-0.2564454898745332,0.025939650109322976,-1.1992778441199397,-0.12820087827141435,-0.6358978278372813,-0.04816363674858426,0.7425861648557035,1.6711857149675309,-0.3914700942844247,1.1428601014685538,1.0360577892071658,-0.03965350296208214,-1.9767384549231952,0.8663769184839678,1.0389437301724116,0.4779026248840821,-1.552011480916967,-2.411810410912876,-1.0966439233780259,-0.3794950039684295,-1.0035701369025345
Sample_062,-0.2120668452944683,0.8361249083155009,0.09771656200178747,1.7593859209819196,1.3053108731035072,-0.05417510067024178,0.6978419091686177,0.24299525375114328,-1.4980754280691286,0.06833317998945088,0.13187357750189754,-2.367458674070078,0.8767982109378165,0.15035738900481688,1.3614099069809957,-0.4720425494130902,0.18985774933795652,0.6914658909678781,1.1180179591365738,0.021531910509848373,0.09190855055933156,-0.9873616269081174,-0.4221202550823602,-0.8946670811842639,-0.1360865912975564,0.6578594618551139,1.653578641235761,-0.8242966752823442,1.115230557915829,1.0969205658016294,-0.13122074924172722,-2.5406042466958114,0.7811362831175401,1.1297784922736613,0.44759508580511387,-1.8892220454963722,-1.674644962990543,-1.196281561395529,-0.25233756948448605,-0.9703668776775771
Sample_063,-0.08788170119560501,0.7302819356483874,-0.09520722363962797,1.8153635882931551,1.1658731688368102,-0.1212775906517205,0.7525751677439612,0.22054992659027883,-1.3063929234042835,-0.07338970684539259,0.23121614568531568,-3.9061107319164012,1.0311534888366634,0.21247493190213707,1.436213561586158,-0.14032438579786533,0.009410682603393283,0.8210409566705628,1.1854711369223496,0.23121614568531568,0.19337576588864636,-1.282007207737232,-0.31192039751976,-0.7173414670979357,-0.19974326399433817,0.6445899939007136,1.6449424454274548,-0.5135866392312369,1.2245339366178483,1.0082476553764912,0.03877472897958523,-2.2039882437886336,0.9216817663315,1.159603682203005,0.4559396452982396,-1.452309420417964,-2.368186972980862,-1.0857687116117587,-0.3303524605308823,-0.9387414086664743
Sample_064,-0.19658872961897078,0.8736756358934206,-0.09609325421071446,1.861637734093947,1.225345301743976,-0.23704046929383615,0.8097429250022192,0.09546922919550127,-1.2025630400097516,0.07888607360797995,0.22775910165077828,-2.485354052283797,1.124816277615598,0.04832525806630361,1.4491225024132257,0.05519771983101407,0.3316726275889663,0.7636075862444507,1.206031763040503,-0.06858851929525045,0.3026864412257435,-1.2269492350084592,-0.3232108674836418,-0.5976198018316596,-0.012080073795076807,0.6009947197120535,1.6459211396821298,-0.8592915991780545,1.0729673131071573,0.820951692220774,-0.29852041068064317,-2.3628403566342344,0.8916397154135636,1.104637974850732,0.3290719654653915,-1.792590976383372,-2.625000792024803,-1.2906506934691562,-0.21885961128836495,-1.0263182151756576
Sample_065,0.001766304647047967,0.8164848827743256,-0.2519956912434269,1.76727024614314,1.2320670048334348,-0.23001858123766095,0.8049687695813255,0.2851128927283111,-1.1681624577153409,-0.21920853451186684,0.2915850956025152,-4.055028233388655,1.0319600575850871,0.13851704527496178,1.476637662353903,-0.11708680479083533,0.027297990049274468,0.8278698835768674,1.2013746424655722,-0.006891200485804383,-0.1268422717160087,-1.1681624577153409,-0.40798598613665416,-0.8199165288809773,-0.006891200485804383,0.7119753120018033,1.7080280822238496,-0.5773863042124434,1.1286657518009569,0.9214608167051681,0.01885965113799415,-2.186366589144292,0.850258256973988,1.1670258376715656,0.49517521031215583,-1.455775667138874,-1.8611030634152614,-0.7444195830816112,-0.33295778342705873,-1.1681624577153409
Sample_066,0.022651806931419216,0.5364876231781555,-0.46509958276104246,1.7777300564622882,1.2714553143132976,-0.1602654930857046,0.8729493489619804,0.12099113029564013,-1.7126756316854062,0.06723303194845709,0.31107805966661317,-3.373734405843458,1.0233788823779633,0.278669333740321,1.4600025844384361,-0.05308932807201572,-0.06297342833209818,0.8223407121932111,1.0476620939812111,-0.1493768930116186,0.10432501458208954,-1.378768517516435,-0.24793389403406518,-0.8533388351093878,-0.1898950699046944,0.769033672238816,1.485662923801276,-0.46016179451114425,0.9623366013698815,1.183097269979518,0.14816522135874477,-2.276346918381523,0.8896910938290836,1.0966069795374578,0.49755923719164663,-1.5105026211065322,-1.8027938291825336,-0.6613577709679337,-0.4215134188496066,-0.9692805600222938
Sample_067,-0.3195560165435065,0.8597383188268775,-0.03303243776729925,1.7922329147851745,1.1989942755437308,-0.13914443015182165,0.5948632027481247,0.335328515658321,-1.493483129278518,0.008742082615065705,0.17566071542722472,-3.2267833942181534,0.8852650801505582,0.22299640025433876,1.400294839524069,-0.13346837966492764,0.12887936451355397,0.8059054743084206,1.2118527673018042,-0.001125802681746002,-0.012762772658621024,-1.2587019189663202,-0.1680182444327647,-1.0035686899150837,-0.1680182444327647,0.8154465653844896,1.5677847547173016,-0.6348576543495481,1.0985459748506239,0.9701148946238627,-0.14104362908320844,-1.8313148988292882,1.0063699402785211,1.0331646265555419,0.3746837181469189,-1.7147210443566818,-2.0621188964026524,-0.7025080294430284,-0.48742112702980744,-0.9552156860087866
Sample_068,0.21743971045040356,0.8577930367851057,-0.17869852227769645,1.8243420326215896,1.105262868661486,-0.15581592179960246,0.8429048225073048,0.2808062317865323,-1.7035602364568287,-0.04459798703684559,0.08079556534688415,-1.8159972824232904,1.213309951373303,0.15973438480930957,1.4864987687214977,-0.6051772285413382,-0.0609238029058341,0.7792565662992645,1.0196509686988318,-0.008811180277162656,-0.0049127855901796025,-1.7035602364568287,-0.17869852227769645,-0.6339528455489631,-0.14680750793834285,0.47667234587818585,1.5864140754170992,-0.7097373935701077,1.1368105826764694,0.9074416595221724,0.03699552803692985,-1.998241881328651,0.7667455939520296,1.1577082849500493,0.37823629345762644,-1.8159972824232904,-2.295333588103327,-1.0000047124188134,-0.5040921361076354,-0.7498982184696406
Sample_069,-0.2957256363727545,0.8780840211819068,-0.13667357934398794,1.751521510459359,1.3122632868551478,-0.31898047653569517,0.8396884575765888,0.08409973676177529,-1.1239367903342767,0.15539198823228695,0.39392448950744097,-3.6606181725735683,1.0542225599810449,-0.08882098333803601,1.4355539818183107,-0.2507780258865564,0.2178202935729141,0.7428289218459287,1.197757357388054,0.08409973676177529,0.11962265648987991,-1.3404753683473833,-0.33319746601176803,-0.6344647193151474,0.17280802918766858,0.5102920795654806,1.5954420586520746,-0.32133598278249487,1.1338050370110104,0.9651524084762517,-0.030732369998905718,-1.575058141478893,0.940085751090368,1.0660707774105105,0.3916151193537898,-1.736065722757111,-3.0739370683790206,-1.1082737314875546,-0.2551829566256876,-0.7578930676107261
Sample_070,-0.1150393230090474,0.5780728837447153,0.16683963003962132,1.8500385532403962,1.2110997361699494,-0.1978576337237996,0.9443065531539627,-0.18677802525743203,-1.436602828918419,-0.06503231445919333,0.303984392030233,-2.6146679401169433,1.0504643066149368,-0.06747415543848145,1.4615019916354224,-0.22610592276648678,-0.02910265351578989,0.8032585639190133,0.8866788788275479,-0.05050517353035833,0.054367928153604694,-1.7768223235411797,-0.19230248485363077,-0.31597939146395326,-0.20064682356037,0.5063315802854653,1.5540610544313083,-1.104334141417172,1.0212657980522009,1.0171421736493005,-0.29427494905384144,-3.1353822195322163,0.9487410429245231,1.196010568975424,0.43052985425899637,-0.813257238080233,-1.436602828918419,-0.6130807667531553,-0.3740551157750067,-0.7387912364214673
Sample_071,0.003683093307123464,0.6715801419784095,-0.2675129479171954,1.7409333434220517,1.296105347770721,-0.06366471874819268,0.8631848397053492,0.1996293426808955,-1.1539811583266308,-0.09488260846442298,0.22604756132890014,-3.3078864069109235,0.9306067578564172,0.12103337984897955,1.3230914775631728,-0.10124486042696734,0.11932844478070237,0.8712622144165332,1.1772718538176634,-0.06366471874819268,0.022657815778229562,-1.1539811583266308,-0.5270928220388447,-0.8201822427959957,0.007506950348096453,0.5843930758889946,1.690811099149673,-0.9020339171302902,1.1130505251491707,0.78739309126673,0.16110332827182372,-1.9361226270627245,0.9130159225916099,1.2376165163492172,0.5190706196785699,-1.6485496562673703,-1.9631393438284075,-0.7691144313293146,-0.7009607309401282,-1.106362393686796
Sample_072,0.04019799602677043,0.5618102294815577,0.18184061484350567,1.7912370040424723,1.2484672628684983,-0.13777350973550284,0.7548208447772691,0.16279341800628044,-1.1141648474528303,-0.19111557541064794,0.2890808669154117,-2.871112676144082,0.7964923466832063,0.16279341800628044,1.4506093979240862,0.12357482089266014,0.2633295871151615,0.7706518503325723,0.9864329724736494,-0.29191228139365233,-0.21889301658524918,-0.8979786234702676,-0.743849773878269,-0.4385025940899121,0.27198723743414455,0.4951213029463868,1.6795685456407585,-0.5695173442076982,0.9864329724736494,0.8702338253835951,0.05100826911173151,-1.536921867387969,0.8607101933952697,1.1638159555684764,0.36258002477294315,-1.2625545029277365,-3.785755980096872,-0.9849761087401268,-0.23307654462134586,-1.047485710974172
Sample_073,-0.2275029947761782,0.6219851408091617,0.02074585133195228,1.7144201245642505,1.0708345160158963,-0.32613760906439815,0.8112503611765973,-0.027736054307230695,-0.9463392893689813,-0.16309155737425485,0.17073566975880272,-2.474242067480021,0.9566532875241416,-0.08715564358870598,1.4437169609428246,-0.11649140473761133,-0.007118044170864479,0.7673662592321158,1.163127436936188,0.2683082480414538,0.1535061816473422,-0.9031171888013239,-0.1891134418191971,-1.0701439702457076,-0.16125850751282744,0.6581423976383762,1.548413577429749,-0.7567090102934202,1.2078959850361084,0.8459586050381844,-0.1667677682132025,-2.0446380217644196,0.835198864490422,1.0987525313836093,0.4508206696700343,-1.5733063066971926,-1.9748739632985215,-0.906970178311485,-0.30900800156224406,-1.376111645279443
Sample_074,-0.09755120667260364,0.7571423488402633,0.04479401862496779,1.719328879831279,1.4245504753561784,-0.2548045407955657,0.710018867341907,0.19476687193368392,-1.1666188339871715,-0.2903609466661514,0.2750198910875423,-2.7972173696628673,0.9248022584586248,-0.16707234707284524,1.3872177981974105,-0.44676259679884023,0.16651786800757584,0.7475731774710073,1.1710275758726838,0.076641985757405,0.2140768407404301,-0.9009621314568372,-0.3132433214592467,-1.0733046380203843,-0.19959311608287145,0.7166521892732804,1.6016988267548689,-0.8209311675719118,1.003499921249488,0.901719662586633,0.07035301921931758,-2.024575197937999,0.9274831593644213,1.1182430747427126,0.3227055284601299,-1.7179689834624563,-1.817023887014849,-1.0536996886369643,-0.3461846362708716,-0.987959629601372
Sample_075,0.2967484627474226,0.6882128363197566,-0.14044081046366763,1.6985132845806028,1.1595246500307144,-0.22451785142995373,0.6775935903986223,0.16915789417081406,-1.110461296895064,-0.1732283243094921,0.40522450654026443,-2.7626130812747274,0.914163211911502,0.20404341057022846,1.2458015972604435,0.016001334182276672,0.009081302711715367,0.7056647629911912,1.0130398212738436,-0.18159597248263104,0.22104015969174418,-1.0287975979490032,-0.24221608308026177,-0.6431890075517046,0.145205885288628,0.648711612028499,1.5744620904170117,-1.110461296895064,1.0626767439133058,0.8856719534762378,0.04321230742750792,-1.9158602461576066,0.7886286943590575,1.035681808687022,0.47296786590484663,-1.4341785080978156,-1.9158602461576066,-1.5593079738529836,-0.43890970560731546,-1.1993917846783422
Sample_076,-0.13319485181980095,0.7167538638862574,-0.17953179811184405,1.7572387584897236,1.1653498076109159,-0.1994910309231015,0.9269044274767304,-0.05344794236119199,-1.6183358776569907,-0.23227830730409593,0.27851574012281555,-2.8215723579627072,1.0156551033401158,-0.07813890462633566,1.333667594340732,0.042805997286849085,0.12478951134401228,0.8508860763659993,1.1113980910328762,-0.02257271095272806,-0.02257271095272806,-1.1076365353224444,-0.31928250799207714,-0.5653915456399989,0.023637241602957104,0.5096176872553664,1.6483912930256537,-0.6630187183606964,1.1265005505269627,1.0310853295423135,0.1951382498932328,-2.0236431563980153,1.0381274555617819,1.0960640452644794,0.35778531118756973,-1.553817086941919,-1.9748755377559801,-1.4360669361881477,-0.3947833063810089,-0.9506603115055601
Sample_077,0.10401833357628032,0.7710272876529372,-0.28101177114406806,1.7297718386898735,1.3523135802566029,-0.10123211596530357,0.9453761060288524,-0.05184265277555067,-1.7623383461648467,0.029121352644444265,0.29147177938445257,-2.272924218279881,0.9845958966397346,0.16403310236059898,1.4561921353122882,-0.10123211596530357,-0.23656356362481556,0.8325834758903108,0.8999148475836272,0.01794872578846185,0.15427744109463992,-1.0365869964483032,-0.5788178476520685,-0.5388168318997364,-0.25116121288083804,0.6044592633603822,1.5930494772170745,-0.8330201065971661,1.1052212635646166,0.9845958966397346,-0.2962779853365545,-1.9853919838737752,0.8175460053442531,1.082232220752919,0.2566872960792055,-1.3794605411000092,-2.167623635146179,-1.0048437377256985,-0.4102122246130451,-0.8870794386681622
Sample_078,-0.0865721708238194,0.815898787296387,0.0780393219463491,1.8083816253946008,1.2641801598391682,-0.2185911821751203,0.7554093083770335,0.2648052447043585,-1.9488301540299648,-0.12684323065223868,0.3241190217603114,-2.415185233290689,0.9942948909773417,0.1798163449136032,1.4308119243125605,-0.34996879986002494,-0.027810804704972547,0.8105484700684351,1.047326532062847,0.062291895195368596,0.11312862093805087,-1.063784294096604,-0.39550663097374983,-0.7691804032158087,-0.07090712801724663,0.6690188555202528,1.6949908939970473,-0.8505144553384207,1.1502263078741652,1.034544368773041,-0.32628113364975597,-1.8832611144189881,0.9542176260168453,1.0328276688438538,0.4486606560778892,-1.965916918125619,-1.7359934681790863,-1.206319230767801,-0.3707289050922524,-1.1213432674773554
Sample_079,0.15174269215133496,0.643767653285261,0.03686892174970069,1.6971167003644037,1.2294312422477685,-0.3135888904810322,0.657885076813395,0.30255810039729036,-1.1815598838747778,0.1972026911584015,0.37332403130065783,-2.9152153430100807,1.0508003686320366,-0.01671202470732336,1.494426319913296,-0.17544953320474388,0.12024573513864834,0.5389372030699193,1.015484478467525,0.06261989384504218,0.10411724993939409,-1.9351036482030324,-0.19718789075373966,-0.664950944753409,-0.21940932523646328,0.6051167864134355,1.682129081469708,-0.4453461817237354,1.0849114738131083,0.8448631528520152,-0.02592809422254483,-2.4048488971758104,0.9990100154982389,1.0970325811183015,0.34816656256944434,-1.4120309858971822,-1.6632724830790933,-0.8578288808382988,-0.7567468659258765,-1.152578139121177
Sample_080,-0.12030063472073316,0.7745269623105635,0.20473345717606728,1.733449059271992,1.5538232246189758,-0.5576879100518264,0.7636428286495844,-0.0255993006450268,-1.1032173537522825,0.07734215179927428,0.30913133136921855,-3.5260064372591913,1.2176047370464769,-0.12361714404759638,1.5673867494511589,-0.10062929574084656,0.009905063993697283,0.9354163080781235,1.227976282570176,-0.02861569292754229,0.03289312102692232,-0.9327960417928471,-0.6545262026054974,-0.9785978419574404,-0.10388109722975436,0.3325604793366912,1.5655479752095016,-1.2456077407413062,1.034069977562619,0.9649296275352461,-0.043835662133401065,-1.6715722704184905,1.0033316591021508,1.1858286326443763,0.39380133851165944,-1.7873616601682718,-1.687315143681725,-1.4116938336000908,0.08276189440559545,-0.8678015981961948
Sample_081,0.17555004179692446,0.8169707930409325,-0.49961988700384197,1.7854622765636767,1.2328032347900293,0.019252676845493255,0.7595739004285562,0.30389370155435635,-1.4259562134010553,0.0222690840316373,0.16516089060660466,-2.8374112763374235,0.9775108522428941,0.25260285681055095,1.3511824830686519,-0.1095339270273401,0.12521101906502885,0.8385053519692751,1.0840270478383731,-0.21450490108421594,0.028274738732847027,-1.2828903697303078,-0.293905219054186,-0.6066621376342196,0.004032631750082949,0.6516518217120733,1.6115781249950363,-0.7265513270284307,1.1868823481073578,0.9913197220687007,-0.01454257598343034,-2.3810477543113624,0.8556670253606713,1.154406394791863,0.4135582679896572,-1.4388562092144523,-1.932344318247524,-1.375958597551338,-0.3846722028218492,-1.2828903697303078
Sample_082,-0.1917848642897786,0.913737841673516,0.06878560653652777,1.8472128256375808,1.382603255347763,-0.39057623911240036,0.8343332478115881,0.15686822339173823,-1.4246333471189212,-0.1917848642897786,0.2513661130613256,-3.7915071016893176,1.090138977818519,0.2513661130613256,1.4379257392333282,-0.08454745121903695,-0.056692466579446155,0.6590547091304546,1.19758928776641,0.012295756014554016,0.06878560653652777,-1.5148943175684764,-0.23680486976674686,-0.6356716491364454,0.06392759694684269,0.5857065681093419,1.6814000794283794,-0.5451369899354814,1.1182446017423802,1.028351623315448,0.04259916268254482,-2.4268092159935266,0.9531977213930483,1.170582630944712,0.6482538941936893,-1.5799377612675718,-2.247883295439907,-0.9520386722248899,-0.14269907779513424,-1.0509249983506894
Sample_083,0.017229189711939874,0.9016818227952106,0.05112858042901269,1.8009453302143745,1.316947176157092,-0.3314926367473836,0.9179772422756645,0.2875041651709771,-1.5453236315056316,0.011910373987284117,0.1964407046303709,-2.695227801275367,1.097956960871877,0.16032138949015984,1.5494430128894665,-0.3543051942363675,0.0251547431787964,0.8828868630949658,1.1940012922438061,-0.16879955157755688,0.21402263066169125,-1.1357519615468998,-0.19797272903575802,-0.7850374968412561,-0.2520354839353445,0.7378137383947925,1.615412279294754,-0.9732638354404788,1.16412415727882,0.9775856265516629,-0.19141585394628535,-2.9693562550373063,1.0095556006656672,1.265768971563455,0.41824221252593174,-1.5453236315056316,-2.0227618384561072,-1.2514111760886424,-0.22463880328644326,-1.1699361836153122
Sample_084,-0.08834033506376748,0.7431706539355885,-0.08211020898385435,1.6791125669203502,1.2416641347679667,-0.28449251542250487,0.8378595300893164,0.22325360163715313,-1.7454978915375525,-0.19369327175343187,0.15948085558853187,-3.2161142145674964,1.094106133071865,0.07291765339982259,1.4294771218045144,-0.38436715620297424,-0.09460951907763171,0.7909871415876393,1.0950635090199943,0.13728631807797909,0.062222988503102705,-1.4376259709377992,-0.24352177305799572,-0.6201714763643249,-0.033619067918087,0.5985033409222082,1.5851899792417052,-1.0045287557139755,1.1652663515187571,1.0247041709397484,0.023864415246184656,-1.8309881258030574,0.8849969223009522,1.124296483534709,0.5468807938542715,-1.3566773587903995,-1.6517111718580848,-0.8196352050342064,-0.37184203800364735,-1.0607586098715593
Sample_085,-0.10808277453329218,0.7334844430875584,-0.01023357898812538,1.7672475957976386,1.183258905718536,-0.3064042282373354,0.8394459401515135,0.26731840659272255,-1.396335519695863,-0.16826501982055575,0.20609474595073607,-3.7666325853434,0.9990126423876182,0.16960260792107018,1.471417689067835,-0.08727423191507455,0.10376895546565379,0.894940865025529,1.1446296638836277,0.11130151824283008,0.20096240859714154,-1.1834627223229814,-0.1608489773012538,-0.5217228280870945,-0.018743720397135455,0.6115426312510066,1.573835536070205,-0.5576940118172775,1.1459638599467081,0.9144573173798247,0.13356463797827267,-1.7974456554242586,0.9319500336037114,1.070523246539624,0.3355587277475056,-1.8493849608765398,-2.3599415827761527,-1.0138101106354522,-0.18074863265974983,-1.3228512375753265
Sample_086,-0.08447195685907882,0.6624304668813652,-0.3581956184293409,1.7795520795672863,1.2470116415033603,-0.2848355689891813,0.6846255087891877,0.29250062676709154,-1.36103253105495,0.14285978152915169,0.09783853569593237,-2.0539417965494513,0.9783787962194133,-0.0060550022419398886,1.348680549721076,-0.2720568723419321,0.029788968323662957,0.7075311782955449,1.2831800926184278,-0.015834428069936735,-0.010932760557385457,-1.36103253105495,-0.4114894217071976,-0.6493143996892057,0.14912906400461878,0.6797356743033527,1.5871452794087597,-0.8540822711745948,0.9655701335771316,0.8007778309958984,-0.12474312784732522,-1.7339046263621611,0.8265020265841887,1.047733701253672,0.473610545881074,-1.8346726854348665,-2.4686409950116532,-0.6040629754886178,-0.38271306891988477,-0.9125698441365202
Sample_087,0.03649217843914876,1.0655943067349742,-0.26695291636002416,1.6969072705974138,1.2766709877340703,0.14452763963685955,0.2848063716691671,0.25289025627833084,-1.9713426967973557,0.37006727457114064,0.6272310234092675,-2.769315376144582,0.7058404488120549,-0.07709792620272715,1.3675568606299011,0.08878868190371936,0.3003903934020151,0.4963560027824738,0.975309445177527,-0.747876389322987,-0.3824560518014586,-1.6349955703438699,0.02297925920680921,-1.2061090853088734,0.06949656597041187,0.8132576311147539,1.5247401847393385,-0.7047096606404013,1.0869469873501436,0.7462487948473262,-0.2760846692895118,-1.3837506544757456,0.9487127524484169,1.1549990976136675,0.21992182434165342,-1.0161007392760872,-1.9225733832355916,-0.47877812134578956,-0.40307347671493066,-1.0355155221506394
Sample_088,0.035277076748878144,0.8405455799019061,-0.1903792492503218,1.8105774059121722,1.2522521517543552,-0.20098297548293065,0.6880284299844646,0.3770084508544249,-1.1696740292620156,0.12228329509394253,0.20941852916881265,-2.8540428737137127,1.1019190286416718,0.22066982403573254,1.4002569943929326,-0.11718132106441193,0.018299800206623473,0.7896100894194342,1.0867410128818382,0.09886436555879285,0.16458332438745504,-1.4314148422356157,-0.4009258370814148,-0.7793703044085349,-0.020096867967561494,0.6049163163380888,1.6131995165365813,-0.9715973480919011,1.1427865188865103,1.0568887052079594,-0.03443308630426056,-2.307967947933138,0.9193699621717069,1.160973479928745,0.48678046568483957,-1.4387389092117635,-2.713110745782263,-1.2215478651355838,-0.30657169805500395,-1.043214422717428
Sample_089,-0.16363756694069398,0.6519086533060983,-0.11979813422510599,1.7996621843140868,1.2549832832933445,-0.13057913459842396,0.7143519059622414,0.2918789392573711,-1.2876279326144218,-0.06502945629104939,0.31817195016783506,-2.708291264821722,0.976081975358702,0.056686157265299464,1.365278855956222,-0.020359974165383043,-0.025225847983397998,1.008697585616508,1.1634642580546326,0.1303082175520398,0.07890797658274629,-1.23720838665451,-0.3309327235080204,-0.7942836038509711,-0.15526993993626093,0.6739676501507486,1.5346629426116793,-0.7037817451336537,1.1884100377051072,0.945143042951794,-0.17774111176048812,-2.48533810025621,0.8603159729058905,1.3045793493142082,0.5406140155449815,-1.4664621101080169,-2.4571883796103524,-0.9723761033977425,-0.7086004120608065,-0.8483430259543114
Sample_090,-0.15114385264703856,0.7293112044648056,0.015676917174182847,1.6666263330817204,1.4634074470606886,0.0009355851463803688,0.8726467850024093,0.3130513534501156,-1.1800511968336922,0.03977294620136984,0.30212280487101806,-3.800410516560545,1.0986792031474737,0.020542796402346575,1.4080022659785674,-0.2044067480604479,-0.026667864497894378,0.7725661835066537,1.2205800729665937,-0.08157985603864759,0.07256075532316064,-1.3463341584290758,-0.07889547961948029,-0.9764911857290279,0.08173457989953548,0.5925362596067365,1.6053588540452681,-0.41694931634646437,1.443719791013594,0.9367953455114639,-0.25425723469919426,-1.82575361852557,0.9464570116571838,1.0667980096459382,0.3451381680717378,-2.5657115382548428,-1.8569933614144007,-0.9252065148911042,-0.2510677060921207,-1.0731005245893996
Sample_091,0.09127295043332495,0.7881424827997745,-0.05413469402946447,1.7244380296520831,1.2435157666764405,0.004950256106506679,0.6898346264186666,0.045113732486489866,-1.2435607718845754,0.045113732486489866,0.42665346429717577,-3.0060523582479126,1.0239334654783714,0.013113036991963867,1.3386082741270715,0.013113036991963867,0.14968032132933207,1.0645178101322283,1.1357792767063564,-0.11693111491193342,0.045113732486489866,-1.7077321987195333,-0.6558750415317247,-0.9488192140959386,-0.2664509770674135,0.8533811241783429,1.6418232695402755,-0.34469621659661165,1.4372491973745265,1.067354627488057,0.05295642092781083,-2.1595109248498394,0.8776450774869584,1.2646677464506944,0.34257409621194723,-1.5030046833295838,-3.0060523582479126,-1.2153962030287468,-0.24517537812836032,-0.9071534205897933
Sample_092,-0.1608937409586364,0.7346271331357475,-0.04787825126534795,1.635777441636046,1.441624053867956,-0.10683040964681911,0.6753124005603035,0.10735285511613224,-1.5729341077118466,0.13633877714004683,0.47957474851374693,-3.050009833394416,0.8560842586409381,0.19789339222832947,1.2391382558296642,0.057093933716626744,-0.05939392872207083,0.7971985427490393,1.245440683196784,0.11386716912634132,0.15208627621841542,-1.6269844765380457,-0.13142006956437235,-0.5727520703240643,-0.0030975396312884484,0.5214756416452841,1.646351961818235,-1.0009970184098798,1.1545204904599484,0.7502113973882105,0.13633877714004683,-2.4375145306556236,0.9189776056317696,1.183900560581073,0.612256349293014,-1.426371999814105,-1.744727488777949,-1.1052392137240332,-0.4344080540038542,-1.3119899724913466
Sample_093,0.18018317586414678,0.9622457154251767,-0.04812654641688496,1.8879319270963237,1.5194830658550011,0.09106091585990406,0.9902188202143738,0.372350898325303,-0.8508809958793435,0.23547045379128306,0.28786052791728123,-5.755642382708527,1.0140694152121243,0.1930195673496975,1.6612720413233886,0.07396759858786872,0.48323468563089333,0.7713827946374678,1.2958354882841991,-0.19848443097424706,0.3551470207911813,-1.213713850737589,-0.02883476514515948,-1.0685640930046656,0.04776697439882671,0.5496769736395106,1.5938316999157447,-0.624876678533905,1.1754053664165038,1.1133484539485625,0.10508548963882802,-2.2222981138179385,0.7785101757183996,1.1384370002157636,0.5864894676693391,-3.0042807225079846,-3.378324263224413,-0.6306730261565354,-0.044885293270439774,-0.3937005513494629
Sample_094,-0.0059120255107361075,0.8198985641910332,0.028947689287925016,1.7607226499263189,1.2266479224345082,-0.14356026203971606,0.654525103145112,0.4163873191271832,-1.1899798263246648,-0.014820194912586793,0.07702090746985135,-3.07154095501438,1.12751857210452,0.21054490101519896,1.4591809486926035,-0.14866193642409797,0.03322093521456182,0.8324405869758897,1.2646987375556416,-0.014820194912586793,0.14981190907374398,-1.2888979194178507,-0.28254813146948443,-0.7607205917335547,-0.037444109622288835,0.7578183739024937,1.6061316232312999,-0.5376044012011203,1.1102398853388804,0.934437058259292,-0.06293624464789449,-2.3555692313801604,0.931836341957121,1.1325024595568869,0.31554304729120997,-1.8685341501513797,-1.9738486446686379,-1.1405099140069028,-0.7101418430507778,-1.242024959262455
Sample_095,-0.20951978719867714,0.84188765296738,0.06533496337344769,1.7378820779974262,1.1866674074609422,0.14239400629545962,0.8316707246254089,0.3557610266382376,-1.5085990355332362,-0.392553532954957,0.17013706439338305,-1.9757726883204985,1.1330511717588805,-0.015163389326033894,1.3991294702061055,-0.37953935134064487,-0.26176637899963584,0.6082129520644166,1.1675849574451762,-0.20951978719867714,-0.09295801543335802,-1.8747195441578475,-0.08972721421273544,-1.201188484818271,0.05422438651078387,0.6613487062611481,1.5432466652833372,-0.584509102427047,1.1167754099062388,0.8645010849344166,-0.21681852990970008,-2.1882282896130265,0.9849002250140404,1.1206289012092552,0.5588625386408239,-1.0987935304664225,-1.934118233170718,-0.9586712129451636,-0.4602930900286637,-0.8917421949309761
Sample_096,-0.3017974663564269,0.9040117048265826,0.22361140202056706,1.8355322777583938,1.2980231271766463,-0.08677985388004039,0.9103922737965373,0.21797788027006693,-1.507940994241177,0.15982511473392602,0.2320026218881921,-3.509113780227044,1.056735139372908,0.1508030032069927,1.4973816883946545,-0.1623569251352439,-0.06218243110319133,0.7380609908603879,1.1637403387327208,0.15231235247432462,0.13558287334882113,-1.226301750306873,-0.06405320848351614,-0.8189173594118646,-0.007627148627816105,0.5317842084098299,1.5957221518252869,-0.4255247763124226,1.2192201281945825,1.0288788281399244,-0.1258444753519523,-1.7191804545519052,0.9457994291242922,1.0915309125600512,0.5771760724065014,-1.9252289805832081,-2.654707352481476,-1.0164616718506831,-0.598196541100461,-1.4538893495168983
Sample_097,0.24573682614097425,0.7670123343498858,0.09196033982473484,1.7690786169473984,1.2273551463737697,0.07389645310165349,0.8542380871389841,0.606335408573238,-1.1316675577880444,-0.12733915878644542,0.18935516440120193,-5.1717136790748945,1.2215868062464135,0.23026772619541847,1.5615889714433884,0.0037914331018864544,0.04214977406386655,0.8090822587648092,1.219104438131485,-0.34728422327022024,0.1587302413513454,-1.2814460602483324,-0.36328302617013186,-0.764676107964049,0.09960322103791341,0.5134723010554008,1.6696502667621513,-0.661742303274603,1.1505271448029744,1.0066785171435497,0.25011297054718185,-2.831142201765867,0.920041878042853,1.1930858704870047,0.5284594920365921,-1.7175500768780472,-2.543746021530672,-0.7829110306286964,-0.1629965600931289,-0.5154036805929376
Sample_098,0.11041531385249748,0.7341740249119053,0.24522710603234765,1.690515647259677,1.3225603314468044,-0.03346974819781412,0.8683918211388191,0.36400487581608454,-1.2060382588814704,-0.13354604561351735,0.40322383058667466,-2.853774320734158,1.1451381485906902,0.2718939982758082,1.4077793074962948,-0.17381685468578478,0.263083812213607,0.6045855645294202,1.32867645157175,-0.4212030544746588,0.1704298916861804,-1.6308051164089337,-0.43890084134162244,-0.8806769045844272,0.30637847505516413,0.559563538382585,1.6224331350232295,-0.5930345141205748,1.265763757555145,0.9383485443430817,0.08958246724477448,-2.2664952046320614,0.8827801641917916,1.1078211815386045,0.8035330369512246,-2.5176283359108664,-3.0766324890133383,-0.8266180372860159,-0.750643133206796,-0.703021566602132
Sample_099,-0.15359258863369174,0.6802855853946026,0.04123417954411579,1.7905920896909278,1.2135708741681732,-0.07534592185052791,0.672681229620979,0.22831869755551804,-1.3496738119781435,-0.26412587551049516,0.06953626830340642,-3.102532724931634,1.0444979930205802,0.17116323360996422,1.5034679915588969,-0.11370413279163571,0.09705934591103826,0.7533084730039432,1.0653316227802607,-0.08073640323347053,-0.08615609945914393,-1.3119424832731301,0.055485346610716135,-1.2066053661166984,0.007169720308525918,0.5424205087524396,1.662041402787318,-0.6663088597601954,1.146165351374747,0.8537243864361539,-0.213486194956789,-2.3560566235503346,0.9273753908101594,1.1509083485004479,0.5539475940891245,-1.5396665600039352,-1.9334290113323602,-1.0814669986432817,-0.13060474021369917,-0.5648512375929053
Sample_100,-0.15676187301101052,0.7200447343635896,-0.21651913661391387,1.706442850536678,1.1254997726103229,-0.28320519593319204,0.9185132230469097,0.2560181634542502,-1.8285845419691213,-0.012934378635095278,0.2130631542865542,-3.5613841824864654,1.100673557675047,0.24683580571029928,1.4021973808563022,0.06967640126260743,0.10430992724361943,0.7616927404710232,1.2134668495696408,-0.06699810690941366,0.02692776277953879,-1.0510888413384443,-0.1819361769213126,-0.6964959974738836,-0.010545041295092261,0.47365276172024773,1.5469218057711007,-0.588781336730106,1.0499186726689378,0.8859441144431237,0.2687334406866597,-1.3847916709665107,0.882041770530158,1.0145919785299422,0.49258923770409746,-1.69143295570428,-2.2636918906832575,-0.8498364565049101,-0.623412892253639,-1.0113554304910144
